ORDERNUMBER,QUANTITYORDERED,PRICEEACH,ORDERLINENUMBER,SALES,ORDERDATE,STATUS,QTR_ID,MONTH_ID,YEAR_ID,PRODUCTLINE,MSRP,PRODUCTCODE,CUSTOMERNAME,PHONE,ADDRESSLINE1,ADDRESSLINE2,CITY,STATE,POSTALCODE,COUNTRY,TERRITORY,CONTACTLASTNAME,CONTACTFIRSTNAME,DEALSIZE
10223,37,100,1,3965.66,2/20/2004 0:00,Shipped,1,2,2004,Motorcycles,95,S10_1678,"Australian Collectors, Co.",03 9520 4555,636 St Kilda Road,Level 3,Melbourne,Victoria,3004,Australia,APAC,Ferguson,Peter,Medium
10237,23,100,7,2333.12,4/5/2004 0:00,Shipped,2,4,2004,Motorcycles,95,S10_1678,Vitachrome Inc.,2125551500,2678 Kingston Rd.,Suite 101,NYC,NY,10022,USA,NA,Frick,Michael,Small
10361,20,72.55,13,1451,12/17/2004 0:00,Shipped,4,12,2004,Motorcycles,95,S10_1678,Souveniers And Things Co.,+61 2 9495 8555,"Monitor Money Building, 815 Pacific Hwy",Level 6,Chatswood,NSW,2067,Australia,APAC,Huxley,Adrian,Small
10163,21,100,1,4860.24,10/20/2003 0:00,Shipped,4,10,2003,Classic Cars,214,S10_1949,Classic Legends Inc.,2125558493,5905 Pompton St.,Suite 750,NYC,NY,10022,USA,NA,Hernandez,Maria,Medium
10270,21,100,9,4905.39,7/19/2004 0:00,Shipped,3,7,2004,Classic Cars,214,S10_1949,Souveniers And Things Co.,+61 2 9495 8555,"Monitor Money Building, 815 Pacific Hwy",Level 6,Chatswood,NSW,2067,Australia,APAC,Huxley,Adrian,Medium
10347,30,100,1,3944.7,11/29/2004 0:00,Shipped,4,11,2004,Classic Cars,214,S10_1949,"Australian Collectors, Co.",03 9520 4555,636 St Kilda Road,Level 3,Melbourne,Victoria,3004,Australia,APAC,Ferguson,Peter,Medium
10391,24,100,4,2416.56,3/9/2005 0:00,Shipped,1,3,2005,Classic Cars,214,S10_1949,"Anna's Decorations, Ltd",02 9936 8555,201 Miller Street,Level 15,North Sydney,NSW,2060,Australia,APAC,O'Hara,Anna,Small
10120,29,96.34,3,2793.86,4/29/2003 0:00,Shipped,2,4,2003,Motorcycles,118,S10_2016,"Australian Collectors, Co.",03 9520 4555,636 St Kilda Road,Level 3,Melbourne,Victoria,3004,Australia,APAC,Ferguson,Peter,Small
10223,47,100,4,5422.39,2/20/2004 0:00,Shipped,1,2,2004,Motorcycles,118,S10_2016,"Australian Collectors, Co.",03 9520 4555,636 St Kilda Road,Level 3,Melbourne,Victoria,3004,Australia,APAC,Ferguson,Peter,Medium
10361,26,51.15,8,1329.9,12/17/2004 0:00,Shipped,4,12,2004,Motorcycles,118,S10_2016,Souveniers And Things Co.,+61 2 9495 8555,"Monitor Money Building, 815 Pacific Hwy",Level 6,Chatswood,NSW,2067,Australia,APAC,Huxley,Adrian,Small
10120,46,100,2,9264.86,4/29/2003 0:00,Shipped,2,4,2003,Motorcycles,193,S10_4698,"Australian Collectors, Co.",03 9520 4555,636 St Kilda Road,Level 3,Melbourne,Victoria,3004,Australia,APAC,Ferguson,Peter,Large
10223,49,100,3,9774.03,2/20/2004 0:00,Shipped,1,2,2004,Motorcycles,193,S10_4698,"Australian Collectors, Co.",03 9520 4555,636 St Kilda Road,Level 3,Melbourne,Victoria,3004,Australia,APAC,Ferguson,Peter,Large
10237,39,100,9,7023.9,4/5/2004 0:00,Shipped,2,4,2004,Motorcycles,193,S10_4698,Vitachrome Inc.,2125551500,2678 Kingston Rd.,Suite 101,NYC,NY,10022,USA,NA,Frick,Michael,Large
10337,25,48.05,8,1201.25,11/21/2004 0:00,Shipped,4,11,2004,Classic Cars,136,S10_4757,Classic Legends Inc.,2125558493,5905 Pompton St.,Suite 750,NYC,NY,10022,USA,NA,Hernandez,Maria,Small
10270,32,100,2,4302.08,7/19/2004 0:00,Shipped,3,7,2004,Classic Cars,147,S10_4962,Souveniers And Things Co.,+61 2 9495 8555,"Monitor Money Building, 815 Pacific Hwy",Level 6,Chatswood,NSW,2067,Australia,APAC,Huxley,Adrian,Medium
10347,27,100,2,4428,11/29/2004 0:00,Shipped,4,11,2004,Classic Cars,147,S10_4962,"Australian Collectors, Co.",03 9520 4555,636 St Kilda Road,Level 3,Melbourne,Victoria,3004,Australia,APAC,Ferguson,Peter,Medium
10370,35,65.63,4,2297.05,1/20/2005 0:00,Shipped,1,1,2005,Classic Cars,147,S10_4962,"Anna's Decorations, Ltd",02 9936 8555,201 Miller Street,Level 15,North Sydney,NSW,2060,Australia,APAC,O'Hara,Anna,Small
10391,37,46.9,7,1735.3,3/9/2005 0:00,Shipped,1,3,2005,Classic Cars,147,S10_4962,"Anna's Decorations, Ltd",02 9936 8555,201 Miller Street,Level 15,North Sydney,NSW,2060,Australia,APAC,O'Hara,Anna,Small
10169,30,100,2,5019.9,11/4/2003 0:00,Shipped,4,11,2003,Classic Cars,194,S12_1099,"Anna's Decorations, Ltd",02 9936 8555,201 Miller Street,Level 15,North Sydney,NSW,2060,Australia,APAC,O'Hara,Anna,Medium
10127,46,100,2,11279.2,6/3/2003 0:00,Shipped,2,6,2003,Classic Cars,207,S12_1108,Muscle Machine Inc,2125557413,4092 Furth Circle,Suite 400,NYC,NY,10022,USA,NA,Young,Jeff,Large
10270,28,100,6,4094.72,7/19/2004 0:00,Shipped,3,7,2004,Trucks and Buses,136,S12_1666,Souveniers And Things Co.,+61 2 9495 8555,"Monitor Money Building, 815 Pacific Hwy",Level 6,Chatswood,NSW,2067,Australia,APAC,Huxley,Adrian,Medium
10347,29,100,3,3586.43,11/29/2004 0:00,Shipped,4,11,2004,Trucks and Buses,136,S12_1666,"Australian Collectors, Co.",03 9520 4555,636 St Kilda Road,Level 3,Melbourne,Victoria,3004,Australia,APAC,Ferguson,Peter,Medium
10370,49,100,8,8470.14,1/20/2005 0:00,Shipped,1,1,2005,Trucks and Buses,136,S12_1666,"Anna's Decorations, Ltd",02 9936 8555,201 Miller Street,Level 15,North Sydney,NSW,2060,Australia,APAC,O'Hara,Anna,Large
10391,39,63.2,9,2464.8,3/9/2005 0:00,Shipped,1,3,2005,Trucks and Buses,136,S12_1666,"Anna's Decorations, Ltd",02 9936 8555,201 Miller Street,Level 15,North Sydney,NSW,2060,Australia,APAC,O'Hara,Anna,Small
10169,35,100,13,4639.25,11/4/2003 0:00,Shipped,4,11,2003,Motorcycles,150,S12_2823,"Anna's Decorations, Ltd",02 9936 8555,201 Miller Street,Level 15,North Sydney,NSW,2060,Australia,APAC,O'Hara,Anna,Medium
10237,32,100,6,4193.28,4/5/2004 0:00,Shipped,2,4,2004,Motorcycles,150,S12_2823,Vitachrome Inc.,2125551500,2678 Kingston Rd.,Suite 101,NYC,NY,10022,USA,NA,Frick,Michael,Medium
10319,30,100,9,4111.8,11/3/2004 0:00,Shipped,4,11,2004,Motorcycles,150,S12_2823,Microscale Inc.,2125551957,5290 North Pendale Street,Suite 200,NYC,NY,10022,USA,NA,Kuo,Kee,Medium
10127,46,100,3,7366.44,6/3/2003 0:00,Shipped,2,6,2003,Classic Cars,151,S12_3148,Muscle Machine Inc,2125557413,4092 Furth Circle,Suite 400,NYC,NY,10022,USA,NA,Young,Jeff,Large
10324,27,54.33,1,1466.91,11/5/2004 0:00,Shipped,4,11,2004,Classic Cars,151,S12_3148,Vitachrome Inc.,2125551500,2678 Kingston Rd.,Suite 101,NYC,NY,10022,USA,NA,Frick,Michael,Small
10127,42,100,1,8138.76,6/3/2003 0:00,Shipped,2,6,2003,Classic Cars,173,S12_3891,Muscle Machine Inc,2125557413,4092 Furth Circle,Suite 400,NYC,NY,10022,USA,NA,Young,Jeff,Large
10349,26,100,10,4408.56,12/1/2004 0:00,Shipped,4,12,2004,Classic Cars,173,S12_3891,Muscle Machine Inc,2125557413,4092 Furth Circle,Suite 400,NYC,NY,10022,USA,NA,Young,Jeff,Medium
10169,36,63.84,3,2298.24,11/4/2003 0:00,Shipped,4,11,2003,Classic Cars,79,S12_3990,"Anna's Decorations, Ltd",02 9936 8555,201 Miller Street,Level 15,North Sydney,NSW,2060,Australia,APAC,O'Hara,Anna,Small
10115,46,100,5,5723.78,4/4/2003 0:00,Shipped,2,4,2003,Trucks and Buses,118,S12_4473,Classic Legends Inc.,2125558493,5905 Pompton St.,Suite 750,NYC,NY,10022,USA,NA,Hernandez,Maria,Medium
10127,24,100,11,2559.6,6/3/2003 0:00,Shipped,2,6,2003,Trucks and Buses,118,S12_4473,Muscle Machine Inc,2125557413,4092 Furth Circle,Suite 400,NYC,NY,10022,USA,NA,Young,Jeff,Small
10324,26,58.38,7,1517.88,11/5/2004 0:00,Shipped,4,11,2004,Trucks and Buses,118,S12_4473,Vitachrome Inc.,2125551500,2678 Kingston Rd.,Suite 101,NYC,NY,10022,USA,NA,Frick,Michael,Small
10349,48,100,9,5232.96,12/1/2004 0:00,Shipped,4,12,2004,Trucks and Buses,118,S12_4473,Muscle Machine Inc,2125557413,4092 Furth Circle,Suite 400,NYC,NY,10022,USA,NA,Young,Jeff,Medium
10270,43,96.84,8,4164.12,7/19/2004 0:00,Shipped,3,7,2004,Trucks and Buses,116,S18_1097,Souveniers And Things Co.,+61 2 9495 8555,"Monitor Money Building, 815 Pacific Hwy",Level 6,Chatswood,NSW,2067,Australia,APAC,Huxley,Adrian,Medium
10347,42,49.6,5,2083.2,11/29/2004 0:00,Shipped,4,11,2004,Trucks and Buses,116,S18_1097,"Australian Collectors, Co.",03 9520 4555,636 St Kilda Road,Level 3,Melbourne,Victoria,3004,Australia,APAC,Ferguson,Peter,Small
10370,27,100,1,3911.49,1/20/2005 0:00,Shipped,1,1,2005,Trucks and Buses,116,S18_1097,"Anna's Decorations, Ltd",02 9936 8555,201 Miller Street,Level 15,North Sydney,NSW,2060,Australia,APAC,O'Hara,Anna,Medium
10391,29,85.1,10,2467.9,3/9/2005 0:00,Shipped,1,3,2005,Trucks and Buses,116,S18_1097,"Anna's Decorations, Ltd",02 9936 8555,201 Miller Street,Level 15,North Sydney,NSW,2060,Australia,APAC,O'Hara,Anna,Small
10148,23,100,13,2702.04,9/11/2003 0:00,Shipped,3,9,2003,Classic Cars,141,S18_1129,"Anna's Decorations, Ltd",02 9936 8555,201 Miller Street,Level 15,North Sydney,NSW,2060,Australia,APAC,O'Hara,Anna,Small
10204,42,100,17,6182.4,12/2/2003 0:00,Shipped,4,12,2003,Classic Cars,141,S18_1129,Muscle Machine Inc,2125557413,4092 Furth Circle,Suite 400,NYC,NY,10022,USA,NA,Young,Jeff,Medium
10342,40,100,2,6454.4,11/24/2004 0:00,Shipped,4,11,2004,Classic Cars,141,S18_1129,"Australian Collectors, Co.",03 9520 4555,636 St Kilda Road,Level 3,Melbourne,Victoria,3004,Australia,APAC,Ferguson,Peter,Medium
10102,39,100,2,4808.31,1/10/2003 0:00,Shipped,1,1,2003,Vintage Cars,102,S18_1342,Vitachrome Inc.,2125551500,2678 Kingston Rd.,Suite 101,NYC,NY,10022,USA,NA,Frick,Michael,Medium
10125,32,100,1,3254.72,5/21/2003 0:00,Shipped,2,5,2003,Vintage Cars,102,S18_1342,"Australian Collectors, Co.",03 9520 4555,636 St Kilda Road,Level 3,Melbourne,Victoria,3004,Australia,APAC,Ferguson,Peter,Medium
10139,31,100,7,3184.94,7/16/2003 0:00,Shipped,3,7,2003,Vintage Cars,102,S18_1342,Souveniers And Things Co.,+61 2 9495 8555,"Monitor Money Building, 815 Pacific Hwy",Level 6,Chatswood,NSW,2067,Australia,APAC,Huxley,Adrian,Medium
10391,35,100,2,5548.9,3/9/2005 0:00,Shipped,1,3,2005,Vintage Cars,102,S18_1342,"Anna's Decorations, Ltd",02 9936 8555,201 Miller Street,Level 15,North Sydney,NSW,2060,Australia,APAC,O'Hara,Anna,Medium
10102,41,50.14,1,2055.74,1/10/2003 0:00,Shipped,1,1,2003,Vintage Cars,53,S18_1367,Vitachrome Inc.,2125551500,2678 Kingston Rd.,Suite 101,NYC,NY,10022,USA,NA,Frick,Michael,Small
10139,49,43.13,6,2113.37,7/16/2003 0:00,Shipped,3,7,2003,Vintage Cars,53,S18_1367,Souveniers And Things Co.,+61 2 9495 8555,"Monitor Money Building, 815 Pacific Hwy",Level 6,Chatswood,NSW,2067,Australia,APAC,Huxley,Adrian,Small
10347,21,58.95,7,1237.95,11/29/2004 0:00,Shipped,4,11,2004,Vintage Cars,53,S18_1367,"Australian Collectors, Co.",03 9520 4555,636 St Kilda Road,Level 3,Melbourne,Victoria,3004,Australia,APAC,Ferguson,Peter,Small
10391,42,100,3,4998,3/9/2005 0:00,Shipped,1,3,2005,Vintage Cars,53,S18_1367,"Anna's Decorations, Ltd",02 9936 8555,201 Miller Street,Level 15,North Sydney,NSW,2060,Australia,APAC,O'Hara,Anna,Medium
10148,47,100,9,5848.68,9/11/2003 0:00,Shipped,3,9,2003,Classic Cars,124,S18_1589,"Anna's Decorations, Ltd",02 9936 8555,201 Miller Street,Level 15,North Sydney,NSW,2060,Australia,APAC,O'Hara,Anna,Medium
10204,40,100,13,4032,12/2/2003 0:00,Shipped,4,12,2003,Classic Cars,124,S18_1589,Muscle Machine Inc,2125557413,4092 Furth Circle,Suite 400,NYC,NY,10022,USA,NA,Young,Jeff,Medium
10204,33,100,4,5890.5,12/2/2003 0:00,Shipped,4,12,2003,Vintage Cars,170,S18_1749,Muscle Machine Inc,2125557413,4092 Furth Circle,Suite 400,NYC,NY,10022,USA,NA,Young,Jeff,Medium
10420,37,100,5,5283.6,5/29/2005 0:00,In Process,2,5,2005,Vintage Cars,170,S18_1749,Souveniers And Things Co.,+61 2 9495 8555,"Monitor Money Building, 815 Pacific Hwy",Level 6,Chatswood,NSW,2067,Australia,APAC,Huxley,Adrian,Medium
10342,55,65.45,1,3599.75,11/24/2004 0:00,Shipped,4,11,2004,Classic Cars,77,S18_1889,"Australian Collectors, Co.",03 9520 4555,636 St Kilda Road,Level 3,Melbourne,Victoria,3004,Australia,APAC,Ferguson,Peter,Medium
10148,25,100,12,4232,9/11/2003 0:00,Shipped,3,9,2003,Classic Cars,142,S18_1984,"Anna's Decorations, Ltd",02 9936 8555,201 Miller Street,Level 15,North Sydney,NSW,2060,Australia,APAC,O'Hara,Anna,Medium
10204,38,100,16,6432.64,12/2/2003 0:00,Shipped,4,12,2003,Classic Cars,142,S18_1984,Muscle Machine Inc,2125557413,4092 Furth Circle,Suite 400,NYC,NY,10022,USA,NA,Young,Jeff,Medium
10342,22,100,3,3160.74,11/24/2004 0:00,Shipped,4,11,2004,Classic Cars,142,S18_1984,"Australian Collectors, Co.",03 9520 4555,636 St Kilda Road,Level 3,Melbourne,Victoria,3004,Australia,APAC,Ferguson,Peter,Medium
10115,46,100,4,7381.16,4/4/2003 0:00,Shipped,2,4,2003,Classic Cars,163,S18_2238,Classic Legends Inc.,2125558493,5905 Pompton St.,Suite 750,NYC,NY,10022,USA,NA,Hernandez,Maria,Large
10127,45,100,10,7146.9,6/3/2003 0:00,Shipped,2,6,2003,Classic Cars,163,S18_2238,Muscle Machine Inc,2125557413,4092 Furth Circle,Suite 400,NYC,NY,10022,USA,NA,Young,Jeff,Large
10324,47,100,8,7207.45,11/5/2004 0:00,Shipped,4,11,2004,Classic Cars,163,S18_2238,Vitachrome Inc.,2125551500,2678 Kingston Rd.,Suite 101,NYC,NY,10022,USA,NA,Frick,Michael,Large
10349,38,100,8,6719.54,12/1/2004 0:00,Shipped,4,12,2004,Classic Cars,163,S18_2238,Muscle Machine Inc,2125557413,4092 Furth Circle,Suite 400,NYC,NY,10022,USA,NA,Young,Jeff,Medium
10204,23,71.44,3,1643.12,12/2/2003 0:00,Shipped,4,12,2003,Vintage Cars,60,S18_2248,Muscle Machine Inc,2125557413,4092 Furth Circle,Suite 400,NYC,NY,10022,USA,NA,Young,Jeff,Small
10420,36,63.57,4,2288.52,5/29/2005 0:00,In Process,2,5,2005,Vintage Cars,60,S18_2248,Souveniers And Things Co.,+61 2 9495 8555,"Monitor Money Building, 815 Pacific Hwy",Level 6,Chatswood,NSW,2067,Australia,APAC,Huxley,Adrian,Small
10127,45,100,14,6295.95,6/3/2003 0:00,Shipped,2,6,2003,Trucks and Buses,122,S18_2319,Muscle Machine Inc,2125557413,4092 Furth Circle,Suite 400,NYC,NY,10022,USA,NA,Young,Jeff,Medium
10324,33,37.48,10,1236.84,11/5/2004 0:00,Shipped,4,11,2004,Trucks and Buses,122,S18_2319,Vitachrome Inc.,2125551500,2678 Kingston Rd.,Suite 101,NYC,NY,10022,USA,NA,Frick,Michael,Small
10349,38,100,7,5223.48,12/1/2004 0:00,Shipped,4,12,2004,Trucks and Buses,122,S18_2319,Muscle Machine Inc,2125557413,4092 Furth Circle,Suite 400,NYC,NY,10022,USA,NA,Young,Jeff,Medium
10370,22,100,5,3949,1/20/2005 0:00,Shipped,1,1,2005,Trucks and Buses,122,S18_2319,"Anna's Decorations, Ltd",02 9936 8555,201 Miller Street,Level 15,North Sydney,NSW,2060,Australia,APAC,O'Hara,Anna,Medium
10204,26,100,1,3206.32,12/2/2003 0:00,Shipped,4,12,2003,Vintage Cars,127,S18_2325,Muscle Machine Inc,2125557413,4092 Furth Circle,Suite 400,NYC,NY,10022,USA,NA,Young,Jeff,Medium
10420,45,100,2,4977,5/29/2005 0:00,In Process,2,5,2005,Vintage Cars,127,S18_2325,Souveniers And Things Co.,+61 2 9495 8555,"Monitor Money Building, 815 Pacific Hwy",Level 6,Chatswood,NSW,2067,Australia,APAC,Huxley,Adrian,Medium
10347,50,100,8,6834.5,11/29/2004 0:00,Shipped,4,11,2004,Trucks and Buses,60,S18_2432,"Australian Collectors, Co.",03 9520 4555,636 St Kilda Road,Level 3,Melbourne,Victoria,3004,Australia,APAC,Ferguson,Peter,Medium
10370,22,96.86,7,2130.92,1/20/2005 0:00,Shipped,1,1,2005,Trucks and Buses,60,S18_2432,"Anna's Decorations, Ltd",02 9936 8555,201 Miller Street,Level 15,North Sydney,NSW,2060,Australia,APAC,O'Hara,Anna,Small
10391,44,38.5,5,1694,3/9/2005 0:00,Shipped,1,3,2005,Trucks and Buses,60,S18_2432,"Anna's Decorations, Ltd",02 9936 8555,201 Miller Street,Level 15,North Sydney,NSW,2060,Australia,APAC,O'Hara,Anna,Small
10120,29,71.81,8,2082.49,4/29/2003 0:00,Shipped,2,4,2003,Planes,84,S18_2581,"Australian Collectors, Co.",03 9520 4555,636 St Kilda Road,Level 3,Melbourne,Victoria,3004,Australia,APAC,Ferguson,Peter,Small
10223,47,100,9,4724.91,2/20/2004 0:00,Shipped,1,2,2004,Planes,84,S18_2581,"Australian Collectors, Co.",03 9520 4555,636 St Kilda Road,Level 3,Melbourne,Victoria,3004,Australia,APAC,Ferguson,Peter,Medium
10120,46,58.15,4,2674.9,4/29/2003 0:00,Shipped,2,4,2003,Motorcycles,60,S18_2625,"Australian Collectors, Co.",03 9520 4555,636 St Kilda Road,Level 3,Melbourne,Victoria,3004,Australia,APAC,Ferguson,Peter,Small
10223,28,60.57,5,1695.96,2/20/2004 0:00,Shipped,1,2,2004,Motorcycles,60,S18_2625,"Australian Collectors, Co.",03 9520 4555,636 St Kilda Road,Level 3,Melbourne,Victoria,3004,Australia,APAC,Ferguson,Peter,Small
10125,34,100,2,6483.46,5/21/2003 0:00,Shipped,2,5,2003,Vintage Cars,168,S18_2795,"Australian Collectors, Co.",03 9520 4555,636 St Kilda Road,Level 3,Melbourne,Victoria,3004,Australia,APAC,Ferguson,Peter,Medium
10139,41,100,8,7956.46,7/16/2003 0:00,Shipped,3,7,2003,Vintage Cars,168,S18_2795,Souveniers And Things Co.,+61 2 9495 8555,"Monitor Money Building, 815 Pacific Hwy",Level 6,Chatswood,NSW,2067,Australia,APAC,Huxley,Adrian,Large
10347,21,100,6,4815.3,11/29/2004 0:00,Shipped,4,11,2004,Vintage Cars,168,S18_2795,"Australian Collectors, Co.",03 9520 4555,636 St Kilda Road,Level 3,Melbourne,Victoria,3004,Australia,APAC,Ferguson,Peter,Medium
10148,27,100,10,3528.36,9/11/2003 0:00,Shipped,3,9,2003,Classic Cars,132,S18_2870,"Anna's Decorations, Ltd",02 9936 8555,201 Miller Street,Level 15,North Sydney,NSW,2060,Australia,APAC,O'Hara,Anna,Medium
10204,27,100,14,4169.88,12/2/2003 0:00,Shipped,4,12,2003,Classic Cars,132,S18_2870,Muscle Machine Inc,2125557413,4092 Furth Circle,Suite 400,NYC,NY,10022,USA,NA,Young,Jeff,Medium
10139,46,100,1,5545.76,7/16/2003 0:00,Shipped,3,7,2003,Vintage Cars,101,S18_2949,Souveniers And Things Co.,+61 2 9495 8555,"Monitor Money Building, 815 Pacific Hwy",Level 6,Chatswood,NSW,2067,Australia,APAC,Huxley,Adrian,Medium
10163,31,100,2,3329.09,10/20/2003 0:00,Shipped,4,10,2003,Vintage Cars,101,S18_2949,Classic Legends Inc.,2125558493,5905 Pompton St.,Suite 750,NYC,NY,10022,USA,NA,Hernandez,Maria,Medium
10270,31,96.24,10,2983.44,7/19/2004 0:00,Shipped,3,7,2004,Vintage Cars,101,S18_2949,Souveniers And Things Co.,+61 2 9495 8555,"Monitor Money Building, 815 Pacific Hwy",Level 6,Chatswood,NSW,2067,Australia,APAC,Huxley,Adrian,Small
10347,48,100,9,4814.4,11/29/2004 0:00,Shipped,4,11,2004,Vintage Cars,101,S18_2949,"Australian Collectors, Co.",03 9520 4555,636 St Kilda Road,Level 3,Melbourne,Victoria,3004,Australia,APAC,Ferguson,Peter,Medium
10391,32,45.25,6,1448,3/9/2005 0:00,Shipped,1,3,2005,Vintage Cars,101,S18_2949,"Anna's Decorations, Ltd",02 9936 8555,201 Miller Street,Level 15,North Sydney,NSW,2060,Australia,APAC,O'Hara,Anna,Small
10139,20,71.2,3,1424,7/16/2003 0:00,Shipped,3,7,2003,Vintage Cars,62,S18_2957,Souveniers And Things Co.,+61 2 9495 8555,"Monitor Money Building, 815 Pacific Hwy",Level 6,Chatswood,NSW,2067,Australia,APAC,Huxley,Adrian,Small
10163,48,69.96,4,3358.08,10/20/2003 0:00,Shipped,4,10,2003,Vintage Cars,62,S18_2957,Classic Legends Inc.,2125558493,5905 Pompton St.,Suite 750,NYC,NY,10022,USA,NA,Hernandez,Maria,Medium
10347,34,64.96,10,2208.64,11/29/2004 0:00,Shipped,4,11,2004,Vintage Cars,62,S18_2957,"Australian Collectors, Co.",03 9520 4555,636 St Kilda Road,Level 3,Melbourne,Victoria,3004,Australia,APAC,Ferguson,Peter,Small
10139,20,90.06,2,1801.2,7/16/2003 0:00,Shipped,3,7,2003,Vintage Cars,104,S18_3136,Souveniers And Things Co.,+61 2 9495 8555,"Monitor Money Building, 815 Pacific Hwy",Level 6,Chatswood,NSW,2067,Australia,APAC,Huxley,Adrian,Small
10163,40,100,3,4900.8,10/20/2003 0:00,Shipped,4,10,2003,Vintage Cars,104,S18_3136,Classic Legends Inc.,2125558493,5905 Pompton St.,Suite 750,NYC,NY,10022,USA,NA,Hernandez,Maria,Medium
10270,38,100,11,4775.08,7/19/2004 0:00,Shipped,3,7,2004,Vintage Cars,104,S18_3136,Souveniers And Things Co.,+61 2 9495 8555,"Monitor Money Building, 815 Pacific Hwy",Level 6,Chatswood,NSW,2067,Australia,APAC,Huxley,Adrian,Medium
10347,45,100,11,4948.2,11/29/2004 0:00,Shipped,4,11,2004,Vintage Cars,104,S18_3136,"Australian Collectors, Co.",03 9520 4555,636 St Kilda Road,Level 3,Melbourne,Victoria,3004,Australia,APAC,Ferguson,Peter,Medium
10127,22,100,15,3837.24,6/3/2003 0:00,Shipped,2,6,2003,Classic Cars,169,S18_3232,Muscle Machine Inc,2125557413,4092 Furth Circle,Suite 400,NYC,NY,10022,USA,NA,Young,Jeff,Medium
10148,32,100,14,5418.88,9/11/2003 0:00,Shipped,3,9,2003,Classic Cars,169,S18_3232,"Anna's Decorations, Ltd",02 9936 8555,201 Miller Street,Level 15,North Sydney,NSW,2060,Australia,APAC,O'Hara,Anna,Medium
10324,27,100,12,3155.49,11/5/2004 0:00,Shipped,4,11,2004,Classic Cars,169,S18_3232,Vitachrome Inc.,2125551500,2678 Kingston Rd.,Suite 101,NYC,NY,10022,USA,NA,Frick,Michael,Medium
10342,30,100,4,5029.5,11/24/2004 0:00,Shipped,4,11,2004,Classic Cars,169,S18_3232,"Australian Collectors, Co.",03 9520 4555,636 St Kilda Road,Level 3,Melbourne,Victoria,3004,Australia,APAC,Ferguson,Peter,Medium
10349,48,100,6,7396.8,12/1/2004 0:00,Shipped,4,12,2004,Classic Cars,169,S18_3232,Muscle Machine Inc,2125557413,4092 Furth Circle,Suite 400,NYC,NY,10022,USA,NA,Young,Jeff,Large
10370,27,56.85,9,1534.95,1/20/2005 0:00,Shipped,1,1,2005,Classic Cars,169,S18_3232,"Anna's Decorations, Ltd",02 9936 8555,201 Miller Street,Level 15,North Sydney,NSW,2060,Australia,APAC,O'Hara,Anna,Small
10169,32,70.76,5,2264.32,11/4/2003 0:00,Shipped,4,11,2003,Classic Cars,80,S18_3278,"Anna's Decorations, Ltd",02 9936 8555,201 Miller Street,Level 15,North Sydney,NSW,2060,Australia,APAC,O'Hara,Anna,Small
10319,46,73.98,1,3403.08,11/3/2004 0:00,Shipped,4,11,2004,Classic Cars,80,S18_3278,Microscale Inc.,2125551957,5290 North Pendale Street,Suite 200,NYC,NY,10022,USA,NA,Kuo,Kee,Medium
10342,25,66.74,5,1668.5,11/24/2004 0:00,Shipped,4,11,2004,Classic Cars,80,S18_3278,"Australian Collectors, Co.",03 9520 4555,636 St Kilda Road,Level 3,Melbourne,Victoria,3004,Australia,APAC,Ferguson,Peter,Small
10139,30,100,5,3095.4,7/16/2003 0:00,Shipped,3,7,2003,Vintage Cars,99,S18_3320,Souveniers And Things Co.,+61 2 9495 8555,"Monitor Money Building, 815 Pacific Hwy",Level 6,Chatswood,NSW,2067,Australia,APAC,Huxley,Adrian,Medium
10163,43,100,6,4991.44,10/20/2003 0:00,Shipped,4,10,2003,Vintage Cars,99,S18_3320,Classic Legends Inc.,2125558493,5905 Pompton St.,Suite 750,NYC,NY,10022,USA,NA,Hernandez,Maria,Medium
10347,26,100,12,2656.94,11/29/2004 0:00,Shipped,4,11,2004,Vintage Cars,99,S18_3320,"Australian Collectors, Co.",03 9520 4555,636 St Kilda Road,Level 3,Melbourne,Victoria,3004,Australia,APAC,Ferguson,Peter,Small
10169,36,100,4,4444.92,11/4/2003 0:00,Shipped,4,11,2003,Classic Cars,146,S18_3482,"Anna's Decorations, Ltd",02 9936 8555,201 Miller Street,Level 15,North Sydney,NSW,2060,Australia,APAC,O'Hara,Anna,Medium
10342,55,100,7,6548.3,11/24/2004 0:00,Shipped,4,11,2004,Classic Cars,146,S18_3482,"Australian Collectors, Co.",03 9520 4555,636 St Kilda Road,Level 3,Melbourne,Victoria,3004,Australia,APAC,Ferguson,Peter,Medium
10148,28,100,11,3639.44,9/11/2003 0:00,Shipped,3,9,2003,Classic Cars,141,S18_3685,"Anna's Decorations, Ltd",02 9936 8555,201 Miller Street,Level 15,North Sydney,NSW,2060,Australia,APAC,O'Hara,Anna,Medium
10204,35,100,15,5735.8,12/2/2003 0:00,Shipped,4,12,2003,Classic Cars,141,S18_3685,Muscle Machine Inc,2125557413,4092 Furth Circle,Suite 400,NYC,NY,10022,USA,NA,Young,Jeff,Medium
10169,38,68.39,8,2598.82,11/4/2003 0:00,Shipped,4,11,2003,Motorcycles,62,S18_3782,"Anna's Decorations, Ltd",02 9936 8555,201 Miller Street,Level 15,North Sydney,NSW,2060,Australia,APAC,O'Hara,Anna,Small
10237,26,52.22,1,1357.72,4/5/2004 0:00,Shipped,2,4,2004,Motorcycles,62,S18_3782,Vitachrome Inc.,2125551500,2678 Kingston Rd.,Suite 101,NYC,NY,10022,USA,NA,Frick,Michael,Small
10319,44,59.06,4,2598.64,11/3/2004 0:00,Shipped,4,11,2004,Motorcycles,62,S18_3782,Microscale Inc.,2125551957,5290 North Pendale Street,Suite 200,NYC,NY,10022,USA,NA,Kuo,Kee,Small
10342,26,55.95,8,1454.7,11/24/2004 0:00,Shipped,4,11,2004,Motorcycles,62,S18_3782,"Australian Collectors, Co.",03 9520 4555,636 St Kilda Road,Level 3,Melbourne,Victoria,3004,Australia,APAC,Ferguson,Peter,Small
10127,25,100,5,3447,6/3/2003 0:00,Shipped,2,6,2003,Classic Cars,143,S18_4027,Muscle Machine Inc,2125557413,4092 Furth Circle,Suite 400,NYC,NY,10022,USA,NA,Young,Jeff,Medium
10324,49,100,13,5379.71,11/5/2004 0:00,Shipped,4,11,2004,Classic Cars,143,S18_4027,Vitachrome Inc.,2125551500,2678 Kingston Rd.,Suite 101,NYC,NY,10022,USA,NA,Frick,Michael,Medium
10337,36,100,3,5679.36,11/21/2004 0:00,Shipped,4,11,2004,Classic Cars,143,S18_4027,Classic Legends Inc.,2125558493,5905 Pompton St.,Suite 750,NYC,NY,10022,USA,NA,Hernandez,Maria,Medium
10349,34,100,5,4394.84,12/1/2004 0:00,Shipped,4,12,2004,Classic Cars,143,S18_4027,Muscle Machine Inc,2125557413,4092 Furth Circle,Suite 400,NYC,NY,10022,USA,NA,Young,Jeff,Medium
10148,34,100,1,3598.22,9/11/2003 0:00,Shipped,3,9,2003,Vintage Cars,92,S18_4409,"Anna's Decorations, Ltd",02 9936 8555,201 Miller Street,Level 15,North Sydney,NSW,2060,Australia,APAC,O'Hara,Anna,Medium
10204,29,85.59,5,2482.11,12/2/2003 0:00,Shipped,4,12,2003,Vintage Cars,92,S18_4409,Muscle Machine Inc,2125557413,4092 Furth Circle,Suite 400,NYC,NY,10022,USA,NA,Young,Jeff,Small
10420,66,92.95,6,6134.7,5/29/2005 0:00,In Process,2,5,2005,Vintage Cars,92,S18_4409,Souveniers And Things Co.,+61 2 9495 8555,"Monitor Money Building, 815 Pacific Hwy",Level 6,Chatswood,NSW,2067,Australia,APAC,Huxley,Adrian,Medium
10337,29,100,2,4498.19,11/21/2004 0:00,Shipped,4,11,2004,Vintage Cars,87,S18_4522,Classic Legends Inc.,2125558493,5905 Pompton St.,Suite 750,NYC,NY,10022,USA,NA,Hernandez,Maria,Medium
10270,38,100,3,5383.08,7/19/2004 0:00,Shipped,3,7,2004,Trucks and Buses,121,S18_4600,Souveniers And Things Co.,+61 2 9495 8555,"Monitor Money Building, 815 Pacific Hwy",Level 6,Chatswood,NSW,2067,Australia,APAC,Huxley,Adrian,Medium
10347,45,100,4,5884.65,11/29/2004 0:00,Shipped,4,11,2004,Trucks and Buses,121,S18_4600,"Australian Collectors, Co.",03 9520 4555,636 St Kilda Road,Level 3,Melbourne,Victoria,3004,Australia,APAC,Ferguson,Peter,Medium
10370,29,57.53,6,1668.37,1/20/2005 0:00,Shipped,1,1,2005,Trucks and Buses,121,S18_4600,"Anna's Decorations, Ltd",02 9936 8555,201 Miller Street,Level 15,North Sydney,NSW,2060,Australia,APAC,O'Hara,Anna,Small
10270,44,58.36,7,2567.84,7/19/2004 0:00,Shipped,3,7,2004,Vintage Cars,50,S18_4668,Souveniers And Things Co.,+61 2 9495 8555,"Monitor Money Building, 815 Pacific Hwy",Level 6,Chatswood,NSW,2067,Australia,APAC,Huxley,Adrian,Small
10324,38,100,6,6832.02,11/5/2004 0:00,Shipped,4,11,2004,Vintage Cars,50,S18_4668,Vitachrome Inc.,2125551500,2678 Kingston Rd.,Suite 101,NYC,NY,10022,USA,NA,Frick,Michael,Medium
10370,20,100,2,2730,1/20/2005 0:00,Shipped,1,1,2005,Vintage Cars,50,S18_4668,"Anna's Decorations, Ltd",02 9936 8555,201 Miller Street,Level 15,North Sydney,NSW,2060,Australia,APAC,O'Hara,Anna,Small
10169,33,100,7,4910.4,11/4/2003 0:00,Shipped,4,11,2003,Classic Cars,148,S18_4721,"Anna's Decorations, Ltd",02 9936 8555,201 Miller Street,Level 15,North Sydney,NSW,2060,Australia,APAC,O'Hara,Anna,Medium
10319,45,100,3,7901.1,11/3/2004 0:00,Shipped,4,11,2004,Classic Cars,148,S18_4721,Microscale Inc.,2125551957,5290 North Pendale Street,Suite 200,NYC,NY,10022,USA,NA,Kuo,Kee,Large
10342,38,100,11,6276.46,11/24/2004 0:00,Shipped,4,11,2004,Classic Cars,148,S18_4721,"Australian Collectors, Co.",03 9520 4555,636 St Kilda Road,Level 3,Melbourne,Victoria,3004,Australia,APAC,Ferguson,Peter,Medium
10148,29,81.25,2,2356.25,9/11/2003 0:00,Shipped,3,9,2003,Classic Cars,71,S18_4933,"Anna's Decorations, Ltd",02 9936 8555,201 Miller Street,Level 15,North Sydney,NSW,2060,Australia,APAC,O'Hara,Anna,Small
10204,45,76.26,6,3431.7,12/2/2003 0:00,Shipped,4,12,2003,Classic Cars,71,S18_4933,Muscle Machine Inc,2125557413,4092 Furth Circle,Suite 400,NYC,NY,10022,USA,NA,Young,Jeff,Medium
10267,36,75.55,1,2719.8,7/7/2004 0:00,Shipped,3,7,2004,Classic Cars,71,S18_4933,Muscle Machine Inc,2125557413,4092 Furth Circle,Suite 400,NYC,NY,10022,USA,NA,Young,Jeff,Small
10420,36,57.73,7,2078.28,5/29/2005 0:00,In Process,2,5,2005,Classic Cars,71,S18_4933,Souveniers And Things Co.,+61 2 9495 8555,"Monitor Money Building, 815 Pacific Hwy",Level 6,Chatswood,NSW,2067,Australia,APAC,Huxley,Adrian,Small
10148,25,60.26,6,1506.5,9/11/2003 0:00,Shipped,3,9,2003,Classic Cars,73,S24_1046,"Anna's Decorations, Ltd",02 9936 8555,201 Miller Street,Level 15,North Sydney,NSW,2060,Australia,APAC,O'Hara,Anna,Small
10204,20,62.47,10,1249.4,12/2/2003 0:00,Shipped,4,12,2003,Classic Cars,73,S24_1046,Muscle Machine Inc,2125557413,4092 Furth Circle,Suite 400,NYC,NY,10022,USA,NA,Young,Jeff,Small
10267,40,80.1,5,3204,7/7/2004 0:00,Shipped,3,7,2004,Classic Cars,73,S24_1046,Muscle Machine Inc,2125557413,4092 Furth Circle,Suite 400,NYC,NY,10022,USA,NA,Young,Jeff,Medium
10420,60,64.67,11,3880.2,5/29/2005 0:00,In Process,2,5,2005,Classic Cars,73,S24_1046,Souveniers And Things Co.,+61 2 9495 8555,"Monitor Money Building, 815 Pacific Hwy",Level 6,Chatswood,NSW,2067,Australia,APAC,Huxley,Adrian,Medium
10115,47,69.36,2,3259.92,4/4/2003 0:00,Shipped,2,4,2003,Classic Cars,57,S24_1444,Classic Legends Inc.,2125558493,5905 Pompton St.,Suite 750,NYC,NY,10022,USA,NA,Hernandez,Maria,Medium
10127,20,60.69,8,1213.8,6/3/2003 0:00,Shipped,2,6,2003,Classic Cars,57,S24_1444,Muscle Machine Inc,2125557413,4092 Furth Circle,Suite 400,NYC,NY,10022,USA,NA,Young,Jeff,Small
10324,25,69.16,14,1729,11/5/2004 0:00,Shipped,4,11,2004,Classic Cars,57,S24_1444,Vitachrome Inc.,2125551500,2678 Kingston Rd.,Suite 101,NYC,NY,10022,USA,NA,Frick,Michael,Small
10349,48,47.4,4,2275.2,12/1/2004 0:00,Shipped,4,12,2004,Classic Cars,57,S24_1444,Muscle Machine Inc,2125557413,4092 Furth Circle,Suite 400,NYC,NY,10022,USA,NA,Young,Jeff,Small
10120,35,98.05,1,3431.75,4/29/2003 0:00,Shipped,2,4,2003,Motorcycles,112,S24_1578,"Australian Collectors, Co.",03 9520 4555,636 St Kilda Road,Level 3,Melbourne,Victoria,3004,Australia,APAC,Ferguson,Peter,Medium
10223,32,91.29,2,2921.28,2/20/2004 0:00,Shipped,1,2,2004,Motorcycles,112,S24_1578,"Australian Collectors, Co.",03 9520 4555,636 St Kilda Road,Level 3,Melbourne,Victoria,3004,Australia,APAC,Ferguson,Peter,Small
10237,20,100,8,2299,4/5/2004 0:00,Shipped,2,4,2004,Motorcycles,112,S24_1578,Vitachrome Inc.,2125551500,2678 Kingston Rd.,Suite 101,NYC,NY,10022,USA,NA,Frick,Michael,Small
10148,47,56.85,8,2671.95,9/11/2003 0:00,Shipped,3,9,2003,Classic Cars,50,S24_1628,"Anna's Decorations, Ltd",02 9936 8555,201 Miller Street,Level 15,North Sydney,NSW,2060,Australia,APAC,O'Hara,Anna,Small
10204,45,49.81,12,2241.45,12/2/2003 0:00,Shipped,4,12,2003,Classic Cars,50,S24_1628,Muscle Machine Inc,2125557413,4092 Furth Circle,Suite 400,NYC,NY,10022,USA,NA,Young,Jeff,Small
10420,37,60.37,13,2233.69,5/29/2005 0:00,In Process,2,5,2005,Classic Cars,50,S24_1628,Souveniers And Things Co.,+61 2 9495 8555,"Monitor Money Building, 815 Pacific Hwy",Level 6,Chatswood,NSW,2067,Australia,APAC,Huxley,Adrian,Small
10120,39,100,10,4651.53,4/29/2003 0:00,Shipped,2,4,2003,Planes,109,S24_1785,"Australian Collectors, Co.",03 9520 4555,636 St Kilda Road,Level 3,Melbourne,Victoria,3004,Australia,APAC,Ferguson,Peter,Medium
10223,34,100,11,3608.76,2/20/2004 0:00,Shipped,1,2,2004,Planes,109,S24_1785,"Australian Collectors, Co.",03 9520 4555,636 St Kilda Road,Level 3,Melbourne,Victoria,3004,Australia,APAC,Ferguson,Peter,Medium
10391,33,100,8,8344.71,3/9/2005 0:00,Shipped,1,3,2005,Vintage Cars,33,S24_1937,"Anna's Decorations, Ltd",02 9936 8555,201 Miller Street,Level 15,North Sydney,NSW,2060,Australia,APAC,O'Hara,Anna,Large
10420,45,26.88,1,1209.6,5/29/2005 0:00,In Process,2,5,2005,Vintage Cars,33,S24_1937,Souveniers And Things Co.,+61 2 9495 8555,"Monitor Money Building, 815 Pacific Hwy",Level 6,Chatswood,NSW,2067,Australia,APAC,Huxley,Adrian,Small
10120,34,83.79,5,2848.86,4/29/2003 0:00,Shipped,2,4,2003,Motorcycles,76,S24_2000,"Australian Collectors, Co.",03 9520 4555,636 St Kilda Road,Level 3,Melbourne,Victoria,3004,Australia,APAC,Ferguson,Peter,Small
10223,38,69.31,6,2633.78,2/20/2004 0:00,Shipped,1,2,2004,Motorcycles,76,S24_2000,"Australian Collectors, Co.",03 9520 4555,636 St Kilda Road,Level 3,Melbourne,Victoria,3004,Australia,APAC,Ferguson,Peter,Small
10337,29,71.97,4,2087.13,11/21/2004 0:00,Shipped,4,11,2004,Ships,122,S24_2011,Classic Legends Inc.,2125558493,5905 Pompton St.,Suite 750,NYC,NY,10022,USA,NA,Hernandez,Maria,Small
10391,24,100,1,4042.08,3/9/2005 0:00,Shipped,1,3,2005,Vintage Cars,44,S24_2022,"Anna's Decorations, Ltd",02 9936 8555,201 Miller Street,Level 15,North Sydney,NSW,2060,Australia,APAC,O'Hara,Anna,Medium
10324,31,100,2,3820.44,11/5/2004 0:00,Shipped,4,11,2004,Trucks and Buses,127,S24_2300,Vitachrome Inc.,2125551500,2678 Kingston Rd.,Suite 101,NYC,NY,10022,USA,NA,Frick,Michael,Medium
10169,38,74.11,11,2816.18,11/4/2003 0:00,Shipped,4,11,2003,Motorcycles,69,S24_2360,"Anna's Decorations, Ltd",02 9936 8555,201 Miller Street,Level 15,North Sydney,NSW,2060,Australia,APAC,O'Hara,Anna,Small
10237,26,79.65,4,2070.9,4/5/2004 0:00,Shipped,2,4,2004,Motorcycles,69,S24_2360,Vitachrome Inc.,2125551500,2678 Kingston Rd.,Suite 101,NYC,NY,10022,USA,NA,Frick,Michael,Small
10319,31,81.73,7,2533.63,11/3/2004 0:00,Shipped,4,11,2004,Motorcycles,69,S24_2360,Microscale Inc.,2125551957,5290 North Pendale Street,Suite 200,NYC,NY,10022,USA,NA,Kuo,Kee,Small
10148,21,73.6,4,1545.6,9/11/2003 0:00,Shipped,3,9,2003,Classic Cars,90,S24_2766,"Anna's Decorations, Ltd",02 9936 8555,201 Miller Street,Level 15,North Sydney,NSW,2060,Australia,APAC,O'Hara,Anna,Small
10204,47,96.32,8,4527.04,12/2/2003 0:00,Shipped,4,12,2003,Classic Cars,90,S24_2766,Muscle Machine Inc,2125557413,4092 Furth Circle,Suite 400,NYC,NY,10022,USA,NA,Young,Jeff,Medium
10267,38,87.24,3,3315.12,7/7/2004 0:00,Shipped,3,7,2004,Classic Cars,90,S24_2766,Muscle Machine Inc,2125557413,4092 Furth Circle,Suite 400,NYC,NY,10022,USA,NA,Young,Jeff,Medium
10420,39,100,9,3933.93,5/29/2005 0:00,In Process,2,5,2005,Classic Cars,90,S24_2766,Souveniers And Things Co.,+61 2 9495 8555,"Monitor Money Building, 815 Pacific Hwy",Level 6,Chatswood,NSW,2067,Australia,APAC,Huxley,Adrian,Medium
10127,39,38.19,12,1489.41,6/3/2003 0:00,Shipped,2,6,2003,Classic Cars,35,S24_2840,Muscle Machine Inc,2125557413,4092 Furth Circle,Suite 400,NYC,NY,10022,USA,NA,Young,Jeff,Small
10324,30,100,9,3338.1,11/5/2004 0:00,Shipped,4,11,2004,Classic Cars,35,S24_2840,Vitachrome Inc.,2125551500,2678 Kingston Rd.,Suite 101,NYC,NY,10022,USA,NA,Frick,Michael,Medium
10349,36,37.13,3,1336.68,12/1/2004 0:00,Shipped,4,12,2004,Classic Cars,35,S24_2840,Muscle Machine Inc,2125557413,4092 Furth Circle,Suite 400,NYC,NY,10022,USA,NA,Young,Jeff,Small
10148,34,100,3,4392.12,9/11/2003 0:00,Shipped,3,9,2003,Classic Cars,117,S24_2887,"Anna's Decorations, Ltd",02 9936 8555,201 Miller Street,Level 15,North Sydney,NSW,2060,Australia,APAC,O'Hara,Anna,Medium
10204,42,100,7,4242,12/2/2003 0:00,Shipped,4,12,2003,Classic Cars,117,S24_2887,Muscle Machine Inc,2125557413,4092 Furth Circle,Suite 400,NYC,NY,10022,USA,NA,Young,Jeff,Medium
10267,43,100,2,4645.72,7/7/2004 0:00,Shipped,3,7,2004,Classic Cars,117,S24_2887,Muscle Machine Inc,2125557413,4092 Furth Circle,Suite 400,NYC,NY,10022,USA,NA,Young,Jeff,Medium
10420,55,96.3,8,5296.5,5/29/2005 0:00,In Process,2,5,2005,Classic Cars,117,S24_2887,Souveniers And Things Co.,+61 2 9495 8555,"Monitor Money Building, 815 Pacific Hwy",Level 6,Chatswood,NSW,2067,Australia,APAC,Huxley,Adrian,Medium
10342,39,40.4,9,1575.6,11/24/2004 0:00,Shipped,4,11,2004,Classic Cars,37,S24_2972,"Australian Collectors, Co.",03 9520 4555,636 St Kilda Road,Level 3,Melbourne,Victoria,3004,Australia,APAC,Ferguson,Peter,Small
10148,31,73.62,5,2282.22,9/11/2003 0:00,Shipped,3,9,2003,Classic Cars,85,S24_3191,"Anna's Decorations, Ltd",02 9936 8555,201 Miller Street,Level 15,North Sydney,NSW,2060,Australia,APAC,O'Hara,Anna,Small
10204,40,79.62,9,3184.8,12/2/2003 0:00,Shipped,4,12,2003,Classic Cars,85,S24_3191,Muscle Machine Inc,2125557413,4092 Furth Circle,Suite 400,NYC,NY,10022,USA,NA,Young,Jeff,Medium
10267,44,96.74,4,4256.56,7/7/2004 0:00,Shipped,3,7,2004,Classic Cars,85,S24_3191,Muscle Machine Inc,2125557413,4092 Furth Circle,Suite 400,NYC,NY,10022,USA,NA,Young,Jeff,Medium
10420,35,96.74,10,3385.9,5/29/2005 0:00,In Process,2,5,2005,Classic Cars,85,S24_3191,Souveniers And Things Co.,+61 2 9495 8555,"Monitor Money Building, 815 Pacific Hwy",Level 6,Chatswood,NSW,2067,Australia,APAC,Huxley,Adrian,Medium
10169,34,50.21,1,1707.14,11/4/2003 0:00,Shipped,4,11,2003,Classic Cars,61,S24_3371,"Anna's Decorations, Ltd",02 9936 8555,201 Miller Street,Level 15,North Sydney,NSW,2060,Australia,APAC,O'Hara,Anna,Small
10342,48,62.45,10,2997.6,11/24/2004 0:00,Shipped,4,11,2004,Classic Cars,61,S24_3371,"Australian Collectors, Co.",03 9520 4555,636 St Kilda Road,Level 3,Melbourne,Victoria,3004,Australia,APAC,Ferguson,Peter,Small
10361,34,100,6,3871.92,12/17/2004 0:00,Shipped,4,12,2004,Vintage Cars,65,S24_3420,Souveniers And Things Co.,+61 2 9495 8555,"Monitor Money Building, 815 Pacific Hwy",Level 6,Chatswood,NSW,2067,Australia,APAC,Huxley,Adrian,Medium
10148,27,100,7,3469.5,9/11/2003 0:00,Shipped,3,9,2003,Classic Cars,107,S24_3432,"Anna's Decorations, Ltd",02 9936 8555,201 Miller Street,Level 15,North Sydney,NSW,2060,Australia,APAC,O'Hara,Anna,Medium
10204,48,91.02,11,4368.96,12/2/2003 0:00,Shipped,4,12,2003,Classic Cars,107,S24_3432,Muscle Machine Inc,2125557413,4092 Furth Circle,Suite 400,NYC,NY,10022,USA,NA,Young,Jeff,Medium
10267,43,100,6,5110.98,7/7/2004 0:00,Shipped,3,7,2004,Classic Cars,107,S24_3432,Muscle Machine Inc,2125557413,4092 Furth Circle,Suite 400,NYC,NY,10022,USA,NA,Young,Jeff,Medium
10420,26,100,12,2617.16,5/29/2005 0:00,In Process,2,5,2005,Classic Cars,107,S24_3432,Souveniers And Things Co.,+61 2 9495 8555,"Monitor Money Building, 815 Pacific Hwy",Level 6,Chatswood,NSW,2067,Australia,APAC,Huxley,Adrian,Small
10342,42,100,6,5013.54,11/24/2004 0:00,Shipped,4,11,2004,Classic Cars,140,S24_3856,"Australian Collectors, Co.",03 9520 4555,636 St Kilda Road,Level 3,Melbourne,Victoria,3004,Australia,APAC,Ferguson,Peter,Medium
10361,26,100,7,3710.98,12/17/2004 0:00,Shipped,4,12,2004,Planes,68,S24_3949,Souveniers And Things Co.,+61 2 9495 8555,"Monitor Money Building, 815 Pacific Hwy",Level 6,Chatswood,NSW,2067,Australia,APAC,Huxley,Adrian,Medium
10204,39,33.23,2,1295.97,12/2/2003 0:00,Shipped,4,12,2003,Vintage Cars,41,S24_3969,Muscle Machine Inc,2125557413,4092 Furth Circle,Suite 400,NYC,NY,10022,USA,NA,Young,Jeff,Small
10242,46,36.93,1,1698.78,4/20/2004 0:00,Shipped,2,4,2004,Vintage Cars,41,S24_3969,Microscale Inc.,2125551957,5290 North Pendale Street,Suite 200,NYC,NY,10022,USA,NA,Kuo,Kee,Small
10420,15,43.49,3,652.35,5/29/2005 0:00,In Process,2,5,2005,Vintage Cars,41,S24_3969,Souveniers And Things Co.,+61 2 9495 8555,"Monitor Money Building, 815 Pacific Hwy",Level 6,Chatswood,NSW,2067,Australia,APAC,Huxley,Adrian,Small
10115,44,100,1,5568.64,4/4/2003 0:00,Shipped,2,4,2003,Classic Cars,118,S24_4048,Classic Legends Inc.,2125558493,5905 Pompton St.,Suite 750,NYC,NY,10022,USA,NA,Hernandez,Maria,Medium
10127,20,96.99,7,1939.8,6/3/2003 0:00,Shipped,2,6,2003,Classic Cars,118,S24_4048,Muscle Machine Inc,2125557413,4092 Furth Circle,Suite 400,NYC,NY,10022,USA,NA,Young,Jeff,Small
10349,23,100,2,3182.97,12/1/2004 0:00,Shipped,4,12,2004,Classic Cars,118,S24_4048,Muscle Machine Inc,2125557413,4092 Furth Circle,Suite 400,NYC,NY,10022,USA,NA,Young,Jeff,Medium
10139,29,100,4,3276.13,7/16/2003 0:00,Shipped,3,7,2003,Vintage Cars,97,S24_4258,Souveniers And Things Co.,+61 2 9495 8555,"Monitor Money Building, 815 Pacific Hwy",Level 6,Chatswood,NSW,2067,Australia,APAC,Huxley,Adrian,Medium
10163,42,91.55,5,3845.1,10/20/2003 0:00,Shipped,4,10,2003,Vintage Cars,97,S24_4258,Classic Legends Inc.,2125558493,5905 Pompton St.,Suite 750,NYC,NY,10022,USA,NA,Hernandez,Maria,Medium
10324,33,100,3,6267.69,11/5/2004 0:00,Shipped,4,11,2004,Vintage Cars,97,S24_4258,Vitachrome Inc.,2125551500,2678 Kingston Rd.,Suite 101,NYC,NY,10022,USA,NA,Frick,Michael,Medium
10120,29,85.49,9,2479.21,4/29/2003 0:00,Shipped,2,4,2003,Planes,72,S24_4278,"Australian Collectors, Co.",03 9520 4555,636 St Kilda Road,Level 3,Melbourne,Victoria,3004,Australia,APAC,Ferguson,Peter,Small
10223,23,74.62,10,1716.26,2/20/2004 0:00,Shipped,1,2,2004,Planes,72,S24_4278,"Australian Collectors, Co.",03 9520 4555,636 St Kilda Road,Level 3,Melbourne,Victoria,3004,Australia,APAC,Ferguson,Peter,Small
10361,25,62.46,1,1561.5,12/17/2004 0:00,Shipped,4,12,2004,Planes,72,S24_4278,Souveniers And Things Co.,+61 2 9495 8555,"Monitor Money Building, 815 Pacific Hwy",Level 6,Chatswood,NSW,2067,Australia,APAC,Huxley,Adrian,Small
10169,24,94.58,6,2269.92,11/4/2003 0:00,Shipped,4,11,2003,Classic Cars,80,S24_4620,"Anna's Decorations, Ltd",02 9936 8555,201 Miller Street,Level 15,North Sydney,NSW,2060,Australia,APAC,O'Hara,Anna,Small
10319,43,85.69,2,3684.67,11/3/2004 0:00,Shipped,4,11,2004,Classic Cars,80,S24_4620,Microscale Inc.,2125551957,5290 North Pendale Street,Suite 200,NYC,NY,10022,USA,NA,Kuo,Kee,Medium
10270,32,85.72,1,2743.04,7/19/2004 0:00,Shipped,3,7,2004,Trucks and Buses,96,S32_1268,Souveniers And Things Co.,+61 2 9495 8555,"Monitor Money Building, 815 Pacific Hwy",Level 6,Chatswood,NSW,2067,Australia,APAC,Huxley,Adrian,Small
10324,20,98.18,11,1963.6,11/5/2004 0:00,Shipped,4,11,2004,Trucks and Buses,96,S32_1268,Vitachrome Inc.,2125551500,2678 Kingston Rd.,Suite 101,NYC,NY,10022,USA,NA,Frick,Michael,Small
10120,22,100,6,2461.36,4/29/2003 0:00,Shipped,2,4,2003,Motorcycles,99,S32_1374,"Australian Collectors, Co.",03 9520 4555,636 St Kilda Road,Level 3,Melbourne,Victoria,3004,Australia,APAC,Ferguson,Peter,Small
10223,21,100,7,2475.27,2/20/2004 0:00,Shipped,1,2,2004,Motorcycles,99,S32_1374,"Australian Collectors, Co.",03 9520 4555,636 St Kilda Road,Level 3,Melbourne,Victoria,3004,Australia,APAC,Ferguson,Peter,Small
10169,26,39.83,9,1035.58,11/4/2003 0:00,Shipped,4,11,2003,Motorcycles,40,S32_2206,"Anna's Decorations, Ltd",02 9936 8555,201 Miller Street,Level 15,North Sydney,NSW,2060,Australia,APAC,O'Hara,Anna,Small
10237,26,40.23,2,1045.98,4/5/2004 0:00,Shipped,2,4,2004,Motorcycles,40,S32_2206,Vitachrome Inc.,2125551500,2678 Kingston Rd.,Suite 101,NYC,NY,10022,USA,NA,Frick,Michael,Small
10319,29,38.22,5,1108.38,11/3/2004 0:00,Shipped,4,11,2004,Motorcycles,40,S32_2206,Microscale Inc.,2125551957,5290 North Pendale Street,Suite 200,NYC,NY,10022,USA,NA,Kuo,Kee,Small
10127,45,51.95,13,2337.75,6/3/2003 0:00,Shipped,2,6,2003,Trucks and Buses,54,S32_2509,Muscle Machine Inc,2125557413,4092 Furth Circle,Suite 400,NYC,NY,10022,USA,NA,Young,Jeff,Small
10349,33,46.53,1,1535.49,12/1/2004 0:00,Shipped,4,12,2004,Trucks and Buses,54,S32_2509,Muscle Machine Inc,2125557413,4092 Furth Circle,Suite 400,NYC,NY,10022,USA,NA,Young,Jeff,Small
10127,29,70.84,6,2054.36,6/3/2003 0:00,Shipped,2,6,2003,Trains,62,S32_3207,Muscle Machine Inc,2125557413,4092 Furth Circle,Suite 400,NYC,NY,10022,USA,NA,Young,Jeff,Small
10270,21,63.35,5,1330.35,7/19/2004 0:00,Shipped,3,7,2004,Trucks and Buses,64,S32_3522,Souveniers And Things Co.,+61 2 9495 8555,"Monitor Money Building, 815 Pacific Hwy",Level 6,Chatswood,NSW,2067,Australia,APAC,Huxley,Adrian,Small
10324,48,100,4,8209.44,11/5/2004 0:00,Shipped,4,11,2004,Trucks and Buses,64,S32_3522,Vitachrome Inc.,2125551500,2678 Kingston Rd.,Suite 101,NYC,NY,10022,USA,NA,Frick,Michael,Large
10370,25,100,3,3160.25,1/20/2005 0:00,Shipped,1,1,2005,Trucks and Buses,64,S32_3522,"Anna's Decorations, Ltd",02 9936 8555,201 Miller Street,Level 15,North Sydney,NSW,2060,Australia,APAC,O'Hara,Anna,Medium
10120,29,72.23,11,2094.67,4/29/2003 0:00,Shipped,2,4,2003,Vintage Cars,68,S32_4289,"Australian Collectors, Co.",03 9520 4555,636 St Kilda Road,Level 3,Melbourne,Victoria,3004,Australia,APAC,Ferguson,Peter,Small
10223,20,66.04,12,1320.8,2/20/2004 0:00,Shipped,1,2,2004,Vintage Cars,68,S32_4289,"Australian Collectors, Co.",03 9520 4555,636 St Kilda Road,Level 3,Melbourne,Victoria,3004,Australia,APAC,Ferguson,Peter,Small
10361,49,72.33,2,3544.17,12/17/2004 0:00,Shipped,4,12,2004,Vintage Cars,68,S32_4289,Souveniers And Things Co.,+61 2 9495 8555,"Monitor Money Building, 815 Pacific Hwy",Level 6,Chatswood,NSW,2067,Australia,APAC,Huxley,Adrian,Medium
10169,34,100,12,3920.88,11/4/2003 0:00,Shipped,4,11,2003,Motorcycles,102,S32_4485,"Anna's Decorations, Ltd",02 9936 8555,201 Miller Street,Level 15,North Sydney,NSW,2060,Australia,APAC,O'Hara,Anna,Medium
10237,27,100,5,3113.64,4/5/2004 0:00,Shipped,2,4,2004,Motorcycles,102,S32_4485,Vitachrome Inc.,2125551500,2678 Kingston Rd.,Suite 101,NYC,NY,10022,USA,NA,Frick,Michael,Medium
10319,22,100,8,2626.8,11/3/2004 0:00,Shipped,4,11,2004,Motorcycles,102,S32_4485,Microscale Inc.,2125551957,5290 North Pendale Street,Suite 200,NYC,NY,10022,USA,NA,Kuo,Kee,Small
10120,49,50.62,12,2480.38,4/29/2003 0:00,Shipped,2,4,2003,Vintage Cars,43,S50_1341,"Australian Collectors, Co.",03 9520 4555,636 St Kilda Road,Level 3,Melbourne,Victoria,3004,Australia,APAC,Ferguson,Peter,Small
10223,41,46.26,13,1896.66,2/20/2004 0:00,Shipped,1,2,2004,Vintage Cars,43,S50_1341,"Australian Collectors, Co.",03 9520 4555,636 St Kilda Road,Level 3,Melbourne,Victoria,3004,Australia,APAC,Ferguson,Peter,Small
10361,33,82.59,3,2725.47,12/17/2004 0:00,Shipped,4,12,2004,Vintage Cars,43,S50_1341,Souveniers And Things Co.,+61 2 9495 8555,"Monitor Money Building, 815 Pacific Hwy",Level 6,Chatswood,NSW,2067,Australia,APAC,Huxley,Adrian,Small
10115,27,100,3,2843.91,4/4/2003 0:00,Shipped,2,4,2003,Trucks and Buses,115,S50_1392,Classic Legends Inc.,2125558493,5905 Pompton St.,Suite 750,NYC,NY,10022,USA,NA,Hernandez,Maria,Small
10127,46,100,9,6176.42,6/3/2003 0:00,Shipped,2,6,2003,Trucks and Buses,115,S50_1392,Muscle Machine Inc,2125557413,4092 Furth Circle,Suite 400,NYC,NY,10022,USA,NA,Young,Jeff,Medium
10127,46,69.12,4,3179.52,6/3/2003 0:00,Shipped,2,6,2003,Trains,58,S50_1514,Muscle Machine Inc,2125557413,4092 Furth Circle,Suite 400,NYC,NY,10022,USA,NA,Young,Jeff,Medium
10337,21,100,6,2296.77,11/21/2004 0:00,Shipped,4,11,2004,Trains,58,S50_1514,Classic Legends Inc.,2125558493,5905 Pompton St.,Suite 750,NYC,NY,10022,USA,NA,Hernandez,Maria,Small
10169,48,80.55,10,3866.4,11/4/2003 0:00,Shipped,4,11,2003,Motorcycles,81,S50_4713,"Anna's Decorations, Ltd",02 9936 8555,201 Miller Street,Level 15,North Sydney,NSW,2060,Australia,APAC,O'Hara,Anna,Medium
10237,20,68.34,3,1366.8,4/5/2004 0:00,Shipped,2,4,2004,Motorcycles,81,S50_4713,Vitachrome Inc.,2125551500,2678 Kingston Rd.,Suite 101,NYC,NY,10022,USA,NA,Frick,Michael,Small
10319,45,77.29,6,3478.05,11/3/2004 0:00,Shipped,4,11,2004,Motorcycles,81,S50_4713,Microscale Inc.,2125551957,5290 North Pendale Street,Suite 200,NYC,NY,10022,USA,NA,Kuo,Kee,Medium
10120,47,82.21,13,3863.87,4/29/2003 0:00,Shipped,2,4,2003,Planes,91,S700_1691,"Australian Collectors, Co.",03 9520 4555,636 St Kilda Road,Level 3,Melbourne,Victoria,3004,Australia,APAC,Ferguson,Peter,Medium
10223,25,100,14,2534.75,2/20/2004 0:00,Shipped,1,2,2004,Planes,91,S700_1691,"Australian Collectors, Co.",03 9520 4555,636 St Kilda Road,Level 3,Melbourne,Victoria,3004,Australia,APAC,Ferguson,Peter,Small
10361,20,60.54,4,1210.8,12/17/2004 0:00,Shipped,4,12,2004,Planes,91,S700_1691,Souveniers And Things Co.,+61 2 9495 8555,"Monitor Money Building, 815 Pacific Hwy",Level 6,Chatswood,NSW,2067,Australia,APAC,Huxley,Adrian,Small
10337,36,70.3,9,2530.8,11/21/2004 0:00,Shipped,4,11,2004,Ships,86,S700_1938,Classic Legends Inc.,2125558493,5905 Pompton St.,Suite 750,NYC,NY,10022,USA,NA,Hernandez,Maria,Small
10361,24,45.39,14,1089.36,12/17/2004 0:00,Shipped,4,12,2004,Ships,90,S700_2047,Souveniers And Things Co.,+61 2 9495 8555,"Monitor Money Building, 815 Pacific Hwy",Level 6,Chatswood,NSW,2067,Australia,APAC,Huxley,Adrian,Small
10120,24,100,15,2584.8,4/29/2003 0:00,Shipped,2,4,2003,Planes,99,S700_2466,"Australian Collectors, Co.",03 9520 4555,636 St Kilda Road,Level 3,Melbourne,Victoria,3004,Australia,APAC,Ferguson,Peter,Small
10361,26,100,9,2754.7,12/17/2004 0:00,Shipped,4,12,2004,Planes,99,S700_2466,Souveniers And Things Co.,+61 2 9495 8555,"Monitor Money Building, 815 Pacific Hwy",Level 6,Chatswood,NSW,2067,Australia,APAC,Huxley,Adrian,Small
10270,46,88,4,4048,7/19/2004 0:00,Shipped,3,7,2004,Classic Cars,101,S700_2824,Souveniers And Things Co.,+61 2 9495 8555,"Monitor Money Building, 815 Pacific Hwy",Level 6,Chatswood,NSW,2067,Australia,APAC,Huxley,Adrian,Medium
10324,34,100,5,4248.3,11/5/2004 0:00,Shipped,4,11,2004,Classic Cars,101,S700_2824,Vitachrome Inc.,2125551500,2678 Kingston Rd.,Suite 101,NYC,NY,10022,USA,NA,Frick,Michael,Medium
10120,24,100,7,3417.12,4/29/2003 0:00,Shipped,2,4,2003,Planes,118,S700_2834,"Australian Collectors, Co.",03 9520 4555,636 St Kilda Road,Level 3,Melbourne,Victoria,3004,Australia,APAC,Ferguson,Peter,Medium
10223,29,100,8,3199.86,2/20/2004 0:00,Shipped,1,2,2004,Planes,118,S700_2834,"Australian Collectors, Co.",03 9520 4555,636 St Kilda Road,Level 3,Melbourne,Victoria,3004,Australia,APAC,Ferguson,Peter,Medium
10361,44,72.42,5,3186.48,12/17/2004 0:00,Shipped,4,12,2004,Planes,118,S700_2834,Souveniers And Things Co.,+61 2 9495 8555,"Monitor Money Building, 815 Pacific Hwy",Level 6,Chatswood,NSW,2067,Australia,APAC,Huxley,Adrian,Medium
10120,43,76,14,3268,4/29/2003 0:00,Shipped,2,4,2003,Planes,80,S700_3167,"Australian Collectors, Co.",03 9520 4555,636 St Kilda Road,Level 3,Melbourne,Victoria,3004,Australia,APAC,Ferguson,Peter,Medium
10223,26,67.2,15,1747.2,2/20/2004 0:00,Shipped,1,2,2004,Planes,80,S700_3167,"Australian Collectors, Co.",03 9520 4555,636 St Kilda Road,Level 3,Melbourne,Victoria,3004,Australia,APAC,Ferguson,Peter,Small
10361,44,100,10,5001.92,12/17/2004 0:00,Shipped,4,12,2004,Planes,80,S700_3167,Souveniers And Things Co.,+61 2 9495 8555,"Monitor Money Building, 815 Pacific Hwy",Level 6,Chatswood,NSW,2067,Australia,APAC,Huxley,Adrian,Medium
10337,31,89.38,1,2770.78,11/21/2004 0:00,Shipped,4,11,2004,Ships,100,S700_3505,Classic Legends Inc.,2125558493,5905 Pompton St.,Suite 750,NYC,NY,10022,USA,NA,Hernandez,Maria,Small
10337,36,71.89,7,2588.04,11/21/2004 0:00,Shipped,4,11,2004,Ships,99,S700_3962,Classic Legends Inc.,2125558493,5905 Pompton St.,Suite 750,NYC,NY,10022,USA,NA,Hernandez,Maria,Small
10361,35,100,11,4277.35,12/17/2004 0:00,Shipped,4,12,2004,Planes,74,S700_4002,Souveniers And Things Co.,+61 2 9495 8555,"Monitor Money Building, 815 Pacific Hwy",Level 6,Chatswood,NSW,2067,Australia,APAC,Huxley,Adrian,Medium
10361,23,95.2,12,2189.6,12/17/2004 0:00,Shipped,4,12,2004,Planes,49,S72_1253,Souveniers And Things Co.,+61 2 9495 8555,"Monitor Money Building, 815 Pacific Hwy",Level 6,Chatswood,NSW,2067,Australia,APAC,Huxley,Adrian,Small
10337,42,97.16,5,4080.72,11/21/2004 0:00,Shipped,4,11,2004,Ships,54,S72_3212,Classic Legends Inc.,2125558493,5905 Pompton St.,Suite 750,NYC,NY,10022,USA,NA,Hernandez,Maria,Medium
